user_email,oid_etablissement
jean_directeur@OID0001.fr,OID0001
paul_secretaire@OID0001.fr,OID0001
lucie_analyste@OID0001.fr,OID0001
jean_directeur@OID0002.fr,OID0002
paul_secretaire@OID0002.fr,OID0002
lucie_analyste@OID0002.fr,OID0002
jean_directeur@OID0003.fr,OID0003
paul_secretaire@OID0003.fr,OID0003
lucie_analyste@OID0003.fr,OID0003
jean_directeur@OID0004.fr,OID0004
paul_secretaire@OID0004.fr,OID0004
lucie_analyste@OID0004.fr,OID0004
jean_directeur@OID0005.fr,OID0005
paul_secretaire@OID0005.fr,OID0005
lucie_analyste@OID0005.fr,OID0005
jean_directeur@OID0006.fr,OID0006
paul_secretaire@OID0006.fr,OID0006
lucie_analyste@OID0006.fr,OID0006
jean_directeur@OID0007.fr,OID0007
paul_secretaire@OID0007.fr,OID0007
lucie_analyste@OID0007.fr,OID0007
jean_directeur@OID0008.fr,OID0008
paul_secretaire@OID0008.fr,OID0008
lucie_analyste@OID0008.fr,OID0008
jean_directeur@OID0009.fr,OID0009
paul_secretaire@OID0009.fr,OID0009
lucie_analyste@OID0009.fr,OID0009
jean_directeur@OID0010.fr,OID0010
paul_secretaire@OID0010.fr,OID0010
lucie_analyste@OID0010.fr,OID0010
jean_directeur@OID0011.fr,OID0011
paul_secretaire@OID0011.fr,OID0011
lucie_analyste@OID0011.fr,OID0011
jean_directeur@OID0012.fr,OID0012
paul_secretaire@OID0012.fr,OID0012
lucie_analyste@OID0012.fr,OID0012
jean_directeur@OID0013.fr,OID0013
paul_secretaire@OID0013.fr,OID0013
lucie_analyste@OID0013.fr,OID0013
jean_directeur@OID0014.fr,OID0014
paul_secretaire@OID0014.fr,OID0014
lucie_analyste@OID0014.fr,OID0014
jean_directeur@OID0015.fr,OID0015
paul_secretaire@OID0015.fr,OID0015
lucie_analyste@OID0015.fr,OID0015
jean_directeur@OID0016.fr,OID0016
paul_secretaire@OID0016.fr,OID0016
lucie_analyste@OID0016.fr,OID0016
jean_directeur@OID0017.fr,OID0017
paul_secretaire@OID0017.fr,OID0017
lucie_analyste@OID0017.fr,OID0017
jean_directeur@OID0018.fr,OID0018
paul_secretaire@OID0018.fr,OID0018
lucie_analyste@OID0018.fr,OID0018
jean_directeur@OID0019.fr,OID0019
paul_secretaire@OID0019.fr,OID0019
lucie_analyste@OID0019.fr,OID0019
jean_directeur@OID0020.fr,OID0020
paul_secretaire@OID0020.fr,OID0020
lucie_analyste@OID0020.fr,OID0020
jean_directeur@OID0021.fr,OID0021
paul_secretaire@OID0021.fr,OID0021
lucie_analyste@OID0021.fr,OID0021
jean_directeur@OID0022.fr,OID0022
paul_secretaire@OID0022.fr,OID0022
lucie_analyste@OID0022.fr,OID0022
jean_directeur@OID0023.fr,OID0023
paul_secretaire@OID0023.fr,OID0023
lucie_analyste@OID0023.fr,OID0023
jean_directeur@OID0024.fr,OID0024
paul_secretaire@OID0024.fr,OID0024
lucie_analyste@OID0024.fr,OID0024
jean_directeur@OID0025.fr,OID0025
paul_secretaire@OID0025.fr,OID0025
lucie_analyste@OID0025.fr,OID0025
jean_directeur@OID0026.fr,OID0026
paul_secretaire@OID0026.fr,OID0026
lucie_analyste@OID0026.fr,OID0026
jean_directeur@OID0027.fr,OID0027
paul_secretaire@OID0027.fr,OID0027
lucie_analyste@OID0027.fr,OID0027
jean_directeur@OID0028.fr,OID0028
paul_secretaire@OID0028.fr,OID0028
lucie_analyste@OID0028.fr,OID0028
jean_directeur@OID0029.fr,OID0029
paul_secretaire@OID0029.fr,OID0029
lucie_analyste@OID0029.fr,OID0029
jean_directeur@OID0030.fr,OID0030
paul_secretaire@OID0030.fr,OID0030
lucie_analyste@OID0030.fr,OID0030
jean_directeur@OID0031.fr,OID0031
paul_secretaire@OID0031.fr,OID0031
lucie_analyste@OID0031.fr,OID0031
jean_directeur@OID0032.fr,OID0032
paul_secretaire@OID0032.fr,OID0032
lucie_analyste@OID0032.fr,OID0032
jean_directeur@OID0033.fr,OID0033
paul_secretaire@OID0033.fr,OID0033
lucie_analyste@OID0033.fr,OID0033
jean_directeur@OID0034.fr,OID0034
paul_secretaire@OID0034.fr,OID0034
lucie_analyste@OID0034.fr,OID0034
jean_directeur@OID0035.fr,OID0035
paul_secretaire@OID0035.fr,OID0035
lucie_analyste@OID0035.fr,OID0035
jean_directeur@OID0036.fr,OID0036
paul_secretaire@OID0036.fr,OID0036
lucie_analyste@OID0036.fr,OID0036
jean_directeur@OID0037.fr,OID0037
paul_secretaire@OID0037.fr,OID0037
lucie_analyste@OID0037.fr,OID0037
jean_directeur@OID0038.fr,OID0038
paul_secretaire@OID0038.fr,OID0038
lucie_analyste@OID0038.fr,OID0038
jean_directeur@OID0039.fr,OID0039
paul_secretaire@OID0039.fr,OID0039
lucie_analyste@OID0039.fr,OID0039
jean_directeur@OID0040.fr,OID0040
paul_secretaire@OID0040.fr,OID0040
lucie_analyste@OID0040.fr,OID0040
jean_directeur@OID0041.fr,OID0041
paul_secretaire@OID0041.fr,OID0041
lucie_analyste@OID0041.fr,OID0041
jean_directeur@OID0042.fr,OID0042
paul_secretaire@OID0042.fr,OID0042
lucie_analyste@OID0042.fr,OID0042
jean_directeur@OID0043.fr,OID0043
paul_secretaire@OID0043.fr,OID0043
lucie_analyste@OID0043.fr,OID0043
jean_directeur@OID0044.fr,OID0044
paul_secretaire@OID0044.fr,OID0044
lucie_analyste@OID0044.fr,OID0044
jean_directeur@OID0045.fr,OID0045
paul_secretaire@OID0045.fr,OID0045
lucie_analyste@OID0045.fr,OID0045
jean_directeur@OID0046.fr,OID0046
paul_secretaire@OID0046.fr,OID0046
lucie_analyste@OID0046.fr,OID0046
jean_directeur@OID0047.fr,OID0047
paul_secretaire@OID0047.fr,OID0047
lucie_analyste@OID0047.fr,OID0047
jean_directeur@OID0048.fr,OID0048
paul_secretaire@OID0048.fr,OID0048
lucie_analyste@OID0048.fr,OID0048
jean_directeur@OID0049.fr,OID0049
paul_secretaire@OID0049.fr,OID0049
lucie_analyste@OID0049.fr,OID0049
jean_directeur@OID0050.fr,OID0050
paul_secretaire@OID0050.fr,OID0050
lucie_analyste@OID0050.fr,OID0050
jean_directeur@OID0051.fr,OID0051
paul_secretaire@OID0051.fr,OID0051
lucie_analyste@OID0051.fr,OID0051
jean_directeur@OID0052.fr,OID0052
paul_secretaire@OID0052.fr,OID0052
lucie_analyste@OID0052.fr,OID0052
jean_directeur@OID0053.fr,OID0053
paul_secretaire@OID0053.fr,OID0053
lucie_analyste@OID0053.fr,OID0053
jean_directeur@OID0054.fr,OID0054
paul_secretaire@OID0054.fr,OID0054
lucie_analyste@OID0054.fr,OID0054
jean_directeur@OID0055.fr,OID0055
paul_secretaire@OID0055.fr,OID0055
lucie_analyste@OID0055.fr,OID0055
jean_directeur@OID0056.fr,OID0056
paul_secretaire@OID0056.fr,OID0056
lucie_analyste@OID0056.fr,OID0056
jean_directeur@OID0057.fr,OID0057
paul_secretaire@OID0057.fr,OID0057
lucie_analyste@OID0057.fr,OID0057
jean_directeur@OID0058.fr,OID0058
paul_secretaire@OID0058.fr,OID0058
lucie_analyste@OID0058.fr,OID0058
jean_directeur@OID0059.fr,OID0059
paul_secretaire@OID0059.fr,OID0059
lucie_analyste@OID0059.fr,OID0059
jean_directeur@OID0060.fr,OID0060
paul_secretaire@OID0060.fr,OID0060
lucie_analyste@OID0060.fr,OID0060
jean_directeur@OID0061.fr,OID0061
paul_secretaire@OID0061.fr,OID0061
lucie_analyste@OID0061.fr,OID0061
jean_directeur@OID0062.fr,OID0062
paul_secretaire@OID0062.fr,OID0062
lucie_analyste@OID0062.fr,OID0062
jean_directeur@OID0063.fr,OID0063
paul_secretaire@OID0063.fr,OID0063
lucie_analyste@OID0063.fr,OID0063
jean_directeur@OID0064.fr,OID0064
paul_secretaire@OID0064.fr,OID0064
lucie_analyste@OID0064.fr,OID0064
jean_directeur@OID0065.fr,OID0065
paul_secretaire@OID0065.fr,OID0065
lucie_analyste@OID0065.fr,OID0065
jean_directeur@OID0066.fr,OID0066
paul_secretaire@OID0066.fr,OID0066
lucie_analyste@OID0066.fr,OID0066
jean_directeur@OID0067.fr,OID0067
paul_secretaire@OID0067.fr,OID0067
lucie_analyste@OID0067.fr,OID0067
jean_directeur@OID0068.fr,OID0068
paul_secretaire@OID0068.fr,OID0068
lucie_analyste@OID0068.fr,OID0068
jean_directeur@OID0069.fr,OID0069
paul_secretaire@OID0069.fr,OID0069
lucie_analyste@OID0069.fr,OID0069
jean_directeur@OID0070.fr,OID0070
paul_secretaire@OID0070.fr,OID0070
lucie_analyste@OID0070.fr,OID0070
jean_directeur@OID0071.fr,OID0071
paul_secretaire@OID0071.fr,OID0071
lucie_analyste@OID0071.fr,OID0071
jean_directeur@OID0072.fr,OID0072
paul_secretaire@OID0072.fr,OID0072
lucie_analyste@OID0072.fr,OID0072
jean_directeur@OID0073.fr,OID0073
paul_secretaire@OID0073.fr,OID0073
lucie_analyste@OID0073.fr,OID0073
jean_directeur@OID0074.fr,OID0074
paul_secretaire@OID0074.fr,OID0074
lucie_analyste@OID0074.fr,OID0074
jean_directeur@OID0075.fr,OID0075
paul_secretaire@OID0075.fr,OID0075
lucie_analyste@OID0075.fr,OID0075
jean_directeur@OID0076.fr,OID0076
paul_secretaire@OID0076.fr,OID0076
lucie_analyste@OID0076.fr,OID0076
jean_directeur@OID0077.fr,OID0077
paul_secretaire@OID0077.fr,OID0077
lucie_analyste@OID0077.fr,OID0077
jean_directeur@OID0078.fr,OID0078
paul_secretaire@OID0078.fr,OID0078
lucie_analyste@OID0078.fr,OID0078
jean_directeur@OID0079.fr,OID0079
paul_secretaire@OID0079.fr,OID0079
lucie_analyste@OID0079.fr,OID0079
jean_directeur@OID0080.fr,OID0080
paul_secretaire@OID0080.fr,OID0080
lucie_analyste@OID0080.fr,OID0080
jean_directeur@OID0081.fr,OID0081
paul_secretaire@OID0081.fr,OID0081
lucie_analyste@OID0081.fr,OID0081
jean_directeur@OID0082.fr,OID0082
paul_secretaire@OID0082.fr,OID0082
lucie_analyste@OID0082.fr,OID0082
jean_directeur@OID0083.fr,OID0083
paul_secretaire@OID0083.fr,OID0083
lucie_analyste@OID0083.fr,OID0083
jean_directeur@OID0084.fr,OID0084
paul_secretaire@OID0084.fr,OID0084
lucie_analyste@OID0084.fr,OID0084
jean_directeur@OID0085.fr,OID0085
paul_secretaire@OID0085.fr,OID0085
lucie_analyste@OID0085.fr,OID0085
jean_directeur@OID0086.fr,OID0086
paul_secretaire@OID0086.fr,OID0086
lucie_analyste@OID0086.fr,OID0086
jean_directeur@OID0087.fr,OID0087
paul_secretaire@OID0087.fr,OID0087
lucie_analyste@OID0087.fr,OID0087
jean_directeur@OID0088.fr,OID0088
paul_secretaire@OID0088.fr,OID0088
lucie_analyste@OID0088.fr,OID0088
jean_directeur@OID0089.fr,OID0089
paul_secretaire@OID0089.fr,OID0089
lucie_analyste@OID0089.fr,OID0089
jean_directeur@OID0090.fr,OID0090
paul_secretaire@OID0090.fr,OID0090
lucie_analyste@OID0090.fr,OID0090
jean_directeur@OID0091.fr,OID0091
paul_secretaire@OID0091.fr,OID0091
lucie_analyste@OID0091.fr,OID0091
jean_directeur@OID0092.fr,OID0092
paul_secretaire@OID0092.fr,OID0092
lucie_analyste@OID0092.fr,OID0092
jean_directeur@OID0093.fr,OID0093
paul_secretaire@OID0093.fr,OID0093
lucie_analyste@OID0093.fr,OID0093
jean_directeur@OID0094.fr,OID0094
paul_secretaire@OID0094.fr,OID0094
lucie_analyste@OID0094.fr,OID0094
jean_directeur@OID0095.fr,OID0095
paul_secretaire@OID0095.fr,OID0095
lucie_analyste@OID0095.fr,OID0095
jean_directeur@OID0096.fr,OID0096
paul_secretaire@OID0096.fr,OID0096
lucie_analyste@OID0096.fr,OID0096
jean_directeur@OID0097.fr,OID0097
paul_secretaire@OID0097.fr,OID0097
lucie_analyste@OID0097.fr,OID0097
jean_directeur@OID0098.fr,OID0098
paul_secretaire@OID0098.fr,OID0098
lucie_analyste@OID0098.fr,OID0098
jean_directeur@OID0099.fr,OID0099
paul_secretaire@OID0099.fr,OID0099
lucie_analyste@OID0099.fr,OID0099
jean_directeur@OID0100.fr,OID0100
paul_secretaire@OID0100.fr,OID0100
lucie_analyste@OID0100.fr,OID0100
jean_directeur@OID0101.fr,OID0101
paul_secretaire@OID0101.fr,OID0101
lucie_analyste@OID0101.fr,OID0101
jean_directeur@OID0102.fr,OID0102
paul_secretaire@OID0102.fr,OID0102
lucie_analyste@OID0102.fr,OID0102
jean_directeur@OID0103.fr,OID0103
paul_secretaire@OID0103.fr,OID0103
lucie_analyste@OID0103.fr,OID0103
jean_directeur@OID0104.fr,OID0104
paul_secretaire@OID0104.fr,OID0104
lucie_analyste@OID0104.fr,OID0104
jean_directeur@OID0105.fr,OID0105
paul_secretaire@OID0105.fr,OID0105
lucie_analyste@OID0105.fr,OID0105
jean_directeur@OID0106.fr,OID0106
paul_secretaire@OID0106.fr,OID0106
lucie_analyste@OID0106.fr,OID0106
jean_directeur@OID0107.fr,OID0107
paul_secretaire@OID0107.fr,OID0107
lucie_analyste@OID0107.fr,OID0107
jean_directeur@OID0108.fr,OID0108
paul_secretaire@OID0108.fr,OID0108
lucie_analyste@OID0108.fr,OID0108
jean_directeur@OID0109.fr,OID0109
paul_secretaire@OID0109.fr,OID0109
lucie_analyste@OID0109.fr,OID0109
jean_directeur@OID0110.fr,OID0110
paul_secretaire@OID0110.fr,OID0110
lucie_analyste@OID0110.fr,OID0110
jean_directeur@OID0111.fr,OID0111
paul_secretaire@OID0111.fr,OID0111
lucie_analyste@OID0111.fr,OID0111
jean_directeur@OID0112.fr,OID0112
paul_secretaire@OID0112.fr,OID0112
lucie_analyste@OID0112.fr,OID0112
jean_directeur@OID0113.fr,OID0113
paul_secretaire@OID0113.fr,OID0113
lucie_analyste@OID0113.fr,OID0113
jean_directeur@OID0114.fr,OID0114
paul_secretaire@OID0114.fr,OID0114
lucie_analyste@OID0114.fr,OID0114
jean_directeur@OID0115.fr,OID0115
paul_secretaire@OID0115.fr,OID0115
lucie_analyste@OID0115.fr,OID0115
jean_directeur@OID0116.fr,OID0116
paul_secretaire@OID0116.fr,OID0116
lucie_analyste@OID0116.fr,OID0116
jean_directeur@OID0117.fr,OID0117
paul_secretaire@OID0117.fr,OID0117
lucie_analyste@OID0117.fr,OID0117
jean_directeur@OID0118.fr,OID0118
paul_secretaire@OID0118.fr,OID0118
lucie_analyste@OID0118.fr,OID0118
jean_directeur@OID0119.fr,OID0119
paul_secretaire@OID0119.fr,OID0119
lucie_analyste@OID0119.fr,OID0119
jean_directeur@OID0120.fr,OID0120
paul_secretaire@OID0120.fr,OID0120
lucie_analyste@OID0120.fr,OID0120
jean_directeur@OID0121.fr,OID0121
paul_secretaire@OID0121.fr,OID0121
lucie_analyste@OID0121.fr,OID0121
jean_directeur@OID0122.fr,OID0122
paul_secretaire@OID0122.fr,OID0122
lucie_analyste@OID0122.fr,OID0122
jean_directeur@OID0123.fr,OID0123
paul_secretaire@OID0123.fr,OID0123
lucie_analyste@OID0123.fr,OID0123
jean_directeur@OID0124.fr,OID0124
paul_secretaire@OID0124.fr,OID0124
lucie_analyste@OID0124.fr,OID0124
jean_directeur@OID0125.fr,OID0125
paul_secretaire@OID0125.fr,OID0125
lucie_analyste@OID0125.fr,OID0125
jean_directeur@OID0126.fr,OID0126
paul_secretaire@OID0126.fr,OID0126
lucie_analyste@OID0126.fr,OID0126
jean_directeur@OID0127.fr,OID0127
paul_secretaire@OID0127.fr,OID0127
lucie_analyste@OID0127.fr,OID0127
jean_directeur@OID0128.fr,OID0128
paul_secretaire@OID0128.fr,OID0128
lucie_analyste@OID0128.fr,OID0128
jean_directeur@OID0129.fr,OID0129
paul_secretaire@OID0129.fr,OID0129
lucie_analyste@OID0129.fr,OID0129
jean_directeur@OID0130.fr,OID0130
paul_secretaire@OID0130.fr,OID0130
lucie_analyste@OID0130.fr,OID0130
jean_directeur@OID0131.fr,OID0131
paul_secretaire@OID0131.fr,OID0131
lucie_analyste@OID0131.fr,OID0131
jean_directeur@OID0132.fr,OID0132
paul_secretaire@OID0132.fr,OID0132
lucie_analyste@OID0132.fr,OID0132
jean_directeur@OID0133.fr,OID0133
paul_secretaire@OID0133.fr,OID0133
lucie_analyste@OID0133.fr,OID0133
jean_directeur@OID0134.fr,OID0134
paul_secretaire@OID0134.fr,OID0134
lucie_analyste@OID0134.fr,OID0134
jean_directeur@OID0135.fr,OID0135
paul_secretaire@OID0135.fr,OID0135
lucie_analyste@OID0135.fr,OID0135
jean_directeur@OID0136.fr,OID0136
paul_secretaire@OID0136.fr,OID0136
lucie_analyste@OID0136.fr,OID0136
jean_directeur@OID0137.fr,OID0137
paul_secretaire@OID0137.fr,OID0137
lucie_analyste@OID0137.fr,OID0137
jean_directeur@OID0138.fr,OID0138
paul_secretaire@OID0138.fr,OID0138
lucie_analyste@OID0138.fr,OID0138
jean_directeur@OID0139.fr,OID0139
paul_secretaire@OID0139.fr,OID0139
lucie_analyste@OID0139.fr,OID0139
jean_directeur@OID0140.fr,OID0140
paul_secretaire@OID0140.fr,OID0140
lucie_analyste@OID0140.fr,OID0140
jean_directeur@OID0141.fr,OID0141
paul_secretaire@OID0141.fr,OID0141
lucie_analyste@OID0141.fr,OID0141
jean_directeur@OID0142.fr,OID0142
paul_secretaire@OID0142.fr,OID0142
lucie_analyste@OID0142.fr,OID0142
jean_directeur@OID0143.fr,OID0143
paul_secretaire@OID0143.fr,OID0143
lucie_analyste@OID0143.fr,OID0143
jean_directeur@OID0144.fr,OID0144
paul_secretaire@OID0144.fr,OID0144
lucie_analyste@OID0144.fr,OID0144
jean_directeur@OID0145.fr,OID0145
paul_secretaire@OID0145.fr,OID0145
lucie_analyste@OID0145.fr,OID0145
jean_directeur@OID0146.fr,OID0146
paul_secretaire@OID0146.fr,OID0146
lucie_analyste@OID0146.fr,OID0146
jean_directeur@OID0147.fr,OID0147
paul_secretaire@OID0147.fr,OID0147
lucie_analyste@OID0147.fr,OID0147
jean_directeur@OID0148.fr,OID0148
paul_secretaire@OID0148.fr,OID0148
lucie_analyste@OID0148.fr,OID0148
jean_directeur@OID0149.fr,OID0149
paul_secretaire@OID0149.fr,OID0149
lucie_analyste@OID0149.fr,OID0149
jean_directeur@OID0150.fr,OID0150
paul_secretaire@OID0150.fr,OID0150
lucie_analyste@OID0150.fr,OID0150
jean_directeur@OID0151.fr,OID0151
paul_secretaire@OID0151.fr,OID0151
lucie_analyste@OID0151.fr,OID0151
jean_directeur@OID0152.fr,OID0152
paul_secretaire@OID0152.fr,OID0152
lucie_analyste@OID0152.fr,OID0152
jean_directeur@OID0153.fr,OID0153
paul_secretaire@OID0153.fr,OID0153
lucie_analyste@OID0153.fr,OID0153
jean_directeur@OID0154.fr,OID0154
paul_secretaire@OID0154.fr,OID0154
lucie_analyste@OID0154.fr,OID0154
jean_directeur@OID0155.fr,OID0155
paul_secretaire@OID0155.fr,OID0155
lucie_analyste@OID0155.fr,OID0155
jean_directeur@OID0156.fr,OID0156
paul_secretaire@OID0156.fr,OID0156
lucie_analyste@OID0156.fr,OID0156
jean_directeur@OID0157.fr,OID0157
paul_secretaire@OID0157.fr,OID0157
lucie_analyste@OID0157.fr,OID0157
jean_directeur@OID0158.fr,OID0158
paul_secretaire@OID0158.fr,OID0158
lucie_analyste@OID0158.fr,OID0158
jean_directeur@OID0159.fr,OID0159
paul_secretaire@OID0159.fr,OID0159
lucie_analyste@OID0159.fr,OID0159
jean_directeur@OID0160.fr,OID0160
paul_secretaire@OID0160.fr,OID0160
lucie_analyste@OID0160.fr,OID0160
jean_directeur@OID0161.fr,OID0161
paul_secretaire@OID0161.fr,OID0161
lucie_analyste@OID0161.fr,OID0161
jean_directeur@OID0162.fr,OID0162
paul_secretaire@OID0162.fr,OID0162
lucie_analyste@OID0162.fr,OID0162
jean_directeur@OID0163.fr,OID0163
paul_secretaire@OID0163.fr,OID0163
lucie_analyste@OID0163.fr,OID0163
jean_directeur@OID0164.fr,OID0164
paul_secretaire@OID0164.fr,OID0164
lucie_analyste@OID0164.fr,OID0164
jean_directeur@OID0165.fr,OID0165
paul_secretaire@OID0165.fr,OID0165
lucie_analyste@OID0165.fr,OID0165
jean_directeur@OID0166.fr,OID0166
paul_secretaire@OID0166.fr,OID0166
lucie_analyste@OID0166.fr,OID0166
jean_directeur@OID0167.fr,OID0167
paul_secretaire@OID0167.fr,OID0167
lucie_analyste@OID0167.fr,OID0167
jean_directeur@OID0168.fr,OID0168
paul_secretaire@OID0168.fr,OID0168
lucie_analyste@OID0168.fr,OID0168
jean_directeur@OID0169.fr,OID0169
paul_secretaire@OID0169.fr,OID0169
lucie_analyste@OID0169.fr,OID0169
jean_directeur@OID0170.fr,OID0170
paul_secretaire@OID0170.fr,OID0170
lucie_analyste@OID0170.fr,OID0170
jean_directeur@OID0171.fr,OID0171
paul_secretaire@OID0171.fr,OID0171
lucie_analyste@OID0171.fr,OID0171
jean_directeur@OID0172.fr,OID0172
paul_secretaire@OID0172.fr,OID0172
lucie_analyste@OID0172.fr,OID0172
jean_directeur@OID0173.fr,OID0173
paul_secretaire@OID0173.fr,OID0173
lucie_analyste@OID0173.fr,OID0173
jean_directeur@OID0174.fr,OID0174
paul_secretaire@OID0174.fr,OID0174
lucie_analyste@OID0174.fr,OID0174
jean_directeur@OID0175.fr,OID0175
paul_secretaire@OID0175.fr,OID0175
lucie_analyste@OID0175.fr,OID0175
jean_directeur@OID0176.fr,OID0176
paul_secretaire@OID0176.fr,OID0176
lucie_analyste@OID0176.fr,OID0176
jean_directeur@OID0177.fr,OID0177
paul_secretaire@OID0177.fr,OID0177
lucie_analyste@OID0177.fr,OID0177
jean_directeur@OID0178.fr,OID0178
paul_secretaire@OID0178.fr,OID0178
lucie_analyste@OID0178.fr,OID0178
jean_directeur@OID0179.fr,OID0179
paul_secretaire@OID0179.fr,OID0179
lucie_analyste@OID0179.fr,OID0179
jean_directeur@OID0180.fr,OID0180
paul_secretaire@OID0180.fr,OID0180
lucie_analyste@OID0180.fr,OID0180
jean_directeur@OID0181.fr,OID0181
paul_secretaire@OID0181.fr,OID0181
lucie_analyste@OID0181.fr,OID0181
jean_directeur@OID0182.fr,OID0182
paul_secretaire@OID0182.fr,OID0182
lucie_analyste@OID0182.fr,OID0182
jean_directeur@OID0183.fr,OID0183
paul_secretaire@OID0183.fr,OID0183
lucie_analyste@OID0183.fr,OID0183
jean_directeur@OID0184.fr,OID0184
paul_secretaire@OID0184.fr,OID0184
lucie_analyste@OID0184.fr,OID0184
jean_directeur@OID0185.fr,OID0185
paul_secretaire@OID0185.fr,OID0185
lucie_analyste@OID0185.fr,OID0185
jean_directeur@OID0186.fr,OID0186
paul_secretaire@OID0186.fr,OID0186
lucie_analyste@OID0186.fr,OID0186
jean_directeur@OID0187.fr,OID0187
paul_secretaire@OID0187.fr,OID0187
lucie_analyste@OID0187.fr,OID0187
jean_directeur@OID0188.fr,OID0188
paul_secretaire@OID0188.fr,OID0188
lucie_analyste@OID0188.fr,OID0188
jean_directeur@OID0189.fr,OID0189
paul_secretaire@OID0189.fr,OID0189
lucie_analyste@OID0189.fr,OID0189
jean_directeur@OID0190.fr,OID0190
paul_secretaire@OID0190.fr,OID0190
lucie_analyste@OID0190.fr,OID0190
jean_directeur@OID0191.fr,OID0191
paul_secretaire@OID0191.fr,OID0191
lucie_analyste@OID0191.fr,OID0191
jean_directeur@OID0192.fr,OID0192
paul_secretaire@OID0192.fr,OID0192
lucie_analyste@OID0192.fr,OID0192
jean_directeur@OID0193.fr,OID0193
paul_secretaire@OID0193.fr,OID0193
lucie_analyste@OID0193.fr,OID0193
jean_directeur@OID0194.fr,OID0194
paul_secretaire@OID0194.fr,OID0194
lucie_analyste@OID0194.fr,OID0194
jean_directeur@OID0195.fr,OID0195
paul_secretaire@OID0195.fr,OID0195
lucie_analyste@OID0195.fr,OID0195
jean_directeur@OID0196.fr,OID0196
paul_secretaire@OID0196.fr,OID0196
lucie_analyste@OID0196.fr,OID0196
jean_directeur@OID0197.fr,OID0197
paul_secretaire@OID0197.fr,OID0197
lucie_analyste@OID0197.fr,OID0197
jean_directeur@OID0198.fr,OID0198
paul_secretaire@OID0198.fr,OID0198
lucie_analyste@OID0198.fr,OID0198
jean_directeur@OID0199.fr,OID0199
paul_secretaire@OID0199.fr,OID0199
lucie_analyste@OID0199.fr,OID0199
jean_directeur@OID0200.fr,OID0200
paul_secretaire@OID0200.fr,OID0200
lucie_analyste@OID0200.fr,OID0200
jean_directeur@OID0201.fr,OID0201
paul_secretaire@OID0201.fr,OID0201
lucie_analyste@OID0201.fr,OID0201
jean_directeur@OID0202.fr,OID0202
paul_secretaire@OID0202.fr,OID0202
lucie_analyste@OID0202.fr,OID0202
jean_directeur@OID0203.fr,OID0203
paul_secretaire@OID0203.fr,OID0203
lucie_analyste@OID0203.fr,OID0203
jean_directeur@OID0204.fr,OID0204
paul_secretaire@OID0204.fr,OID0204
lucie_analyste@OID0204.fr,OID0204
jean_directeur@OID0205.fr,OID0205
paul_secretaire@OID0205.fr,OID0205
lucie_analyste@OID0205.fr,OID0205
jean_directeur@OID0206.fr,OID0206
paul_secretaire@OID0206.fr,OID0206
lucie_analyste@OID0206.fr,OID0206
jean_directeur@OID0207.fr,OID0207
paul_secretaire@OID0207.fr,OID0207
lucie_analyste@OID0207.fr,OID0207
jean_directeur@OID0208.fr,OID0208
paul_secretaire@OID0208.fr,OID0208
lucie_analyste@OID0208.fr,OID0208
jean_directeur@OID0209.fr,OID0209
paul_secretaire@OID0209.fr,OID0209
lucie_analyste@OID0209.fr,OID0209
jean_directeur@OID0210.fr,OID0210
paul_secretaire@OID0210.fr,OID0210
lucie_analyste@OID0210.fr,OID0210
jean_directeur@OID0211.fr,OID0211
paul_secretaire@OID0211.fr,OID0211
lucie_analyste@OID0211.fr,OID0211
jean_directeur@OID0212.fr,OID0212
paul_secretaire@OID0212.fr,OID0212
lucie_analyste@OID0212.fr,OID0212
jean_directeur@OID0213.fr,OID0213
paul_secretaire@OID0213.fr,OID0213
lucie_analyste@OID0213.fr,OID0213
jean_directeur@OID0214.fr,OID0214
paul_secretaire@OID0214.fr,OID0214
lucie_analyste@OID0214.fr,OID0214
jean_directeur@OID0215.fr,OID0215
paul_secretaire@OID0215.fr,OID0215
lucie_analyste@OID0215.fr,OID0215
jean_directeur@OID0216.fr,OID0216
paul_secretaire@OID0216.fr,OID0216
lucie_analyste@OID0216.fr,OID0216
jean_directeur@OID0217.fr,OID0217
paul_secretaire@OID0217.fr,OID0217
lucie_analyste@OID0217.fr,OID0217
jean_directeur@OID0218.fr,OID0218
paul_secretaire@OID0218.fr,OID0218
lucie_analyste@OID0218.fr,OID0218
jean_directeur@OID0219.fr,OID0219
paul_secretaire@OID0219.fr,OID0219
lucie_analyste@OID0219.fr,OID0219
jean_directeur@OID0220.fr,OID0220
paul_secretaire@OID0220.fr,OID0220
lucie_analyste@OID0220.fr,OID0220
jean_directeur@OID0221.fr,OID0221
paul_secretaire@OID0221.fr,OID0221
lucie_analyste@OID0221.fr,OID0221
jean_directeur@OID0222.fr,OID0222
paul_secretaire@OID0222.fr,OID0222
lucie_analyste@OID0222.fr,OID0222
jean_directeur@OID0223.fr,OID0223
paul_secretaire@OID0223.fr,OID0223
lucie_analyste@OID0223.fr,OID0223
jean_directeur@OID0224.fr,OID0224
paul_secretaire@OID0224.fr,OID0224
lucie_analyste@OID0224.fr,OID0224
jean_directeur@OID0225.fr,OID0225
paul_secretaire@OID0225.fr,OID0225
lucie_analyste@OID0225.fr,OID0225
jean_directeur@OID0226.fr,OID0226
paul_secretaire@OID0226.fr,OID0226
lucie_analyste@OID0226.fr,OID0226
jean_directeur@OID0227.fr,OID0227
paul_secretaire@OID0227.fr,OID0227
lucie_analyste@OID0227.fr,OID0227
jean_directeur@OID0228.fr,OID0228
paul_secretaire@OID0228.fr,OID0228
lucie_analyste@OID0228.fr,OID0228
jean_directeur@OID0229.fr,OID0229
paul_secretaire@OID0229.fr,OID0229
lucie_analyste@OID0229.fr,OID0229
jean_directeur@OID0230.fr,OID0230
paul_secretaire@OID0230.fr,OID0230
lucie_analyste@OID0230.fr,OID0230
jean_directeur@OID0231.fr,OID0231
paul_secretaire@OID0231.fr,OID0231
lucie_analyste@OID0231.fr,OID0231
jean_directeur@OID0232.fr,OID0232
paul_secretaire@OID0232.fr,OID0232
lucie_analyste@OID0232.fr,OID0232
jean_directeur@OID0233.fr,OID0233
paul_secretaire@OID0233.fr,OID0233
lucie_analyste@OID0233.fr,OID0233
jean_directeur@OID0234.fr,OID0234
paul_secretaire@OID0234.fr,OID0234
lucie_analyste@OID0234.fr,OID0234
jean_directeur@OID0235.fr,OID0235
paul_secretaire@OID0235.fr,OID0235
lucie_analyste@OID0235.fr,OID0235
jean_directeur@OID0236.fr,OID0236
paul_secretaire@OID0236.fr,OID0236
lucie_analyste@OID0236.fr,OID0236
jean_directeur@OID0237.fr,OID0237
paul_secretaire@OID0237.fr,OID0237
lucie_analyste@OID0237.fr,OID0237
jean_directeur@OID0238.fr,OID0238
paul_secretaire@OID0238.fr,OID0238
lucie_analyste@OID0238.fr,OID0238
jean_directeur@OID0239.fr,OID0239
paul_secretaire@OID0239.fr,OID0239
lucie_analyste@OID0239.fr,OID0239
jean_directeur@OID0240.fr,OID0240
paul_secretaire@OID0240.fr,OID0240
lucie_analyste@OID0240.fr,OID0240
jean_directeur@OID0241.fr,OID0241
paul_secretaire@OID0241.fr,OID0241
lucie_analyste@OID0241.fr,OID0241
jean_directeur@OID0242.fr,OID0242
paul_secretaire@OID0242.fr,OID0242
lucie_analyste@OID0242.fr,OID0242
jean_directeur@OID0243.fr,OID0243
paul_secretaire@OID0243.fr,OID0243
lucie_analyste@OID0243.fr,OID0243
jean_directeur@OID0244.fr,OID0244
paul_secretaire@OID0244.fr,OID0244
lucie_analyste@OID0244.fr,OID0244
jean_directeur@OID0245.fr,OID0245
paul_secretaire@OID0245.fr,OID0245
lucie_analyste@OID0245.fr,OID0245
jean_directeur@OID0246.fr,OID0246
paul_secretaire@OID0246.fr,OID0246
lucie_analyste@OID0246.fr,OID0246
jean_directeur@OID0247.fr,OID0247
paul_secretaire@OID0247.fr,OID0247
lucie_analyste@OID0247.fr,OID0247
jean_directeur@OID0248.fr,OID0248
paul_secretaire@OID0248.fr,OID0248
lucie_analyste@OID0248.fr,OID0248
jean_directeur@OID0249.fr,OID0249
paul_secretaire@OID0249.fr,OID0249
lucie_analyste@OID0249.fr,OID0249
jean_directeur@OID0250.fr,OID0250
paul_secretaire@OID0250.fr,OID0250
lucie_analyste@OID0250.fr,OID0250
jean_directeur@OID0251.fr,OID0251
paul_secretaire@OID0251.fr,OID0251
lucie_analyste@OID0251.fr,OID0251
jean_directeur@OID0252.fr,OID0252
paul_secretaire@OID0252.fr,OID0252
lucie_analyste@OID0252.fr,OID0252
jean_directeur@OID0253.fr,OID0253
paul_secretaire@OID0253.fr,OID0253
lucie_analyste@OID0253.fr,OID0253
jean_directeur@OID0254.fr,OID0254
paul_secretaire@OID0254.fr,OID0254
lucie_analyste@OID0254.fr,OID0254
jean_directeur@OID0255.fr,OID0255
paul_secretaire@OID0255.fr,OID0255
lucie_analyste@OID0255.fr,OID0255
jean_directeur@OID0256.fr,OID0256
paul_secretaire@OID0256.fr,OID0256
lucie_analyste@OID0256.fr,OID0256
jean_directeur@OID0257.fr,OID0257
paul_secretaire@OID0257.fr,OID0257
lucie_analyste@OID0257.fr,OID0257
jean_directeur@OID0258.fr,OID0258
paul_secretaire@OID0258.fr,OID0258
lucie_analyste@OID0258.fr,OID0258
jean_directeur@OID0259.fr,OID0259
paul_secretaire@OID0259.fr,OID0259
lucie_analyste@OID0259.fr,OID0259
jean_directeur@OID0260.fr,OID0260
paul_secretaire@OID0260.fr,OID0260
lucie_analyste@OID0260.fr,OID0260
jean_directeur@OID0261.fr,OID0261
paul_secretaire@OID0261.fr,OID0261
lucie_analyste@OID0261.fr,OID0261
jean_directeur@OID0262.fr,OID0262
paul_secretaire@OID0262.fr,OID0262
lucie_analyste@OID0262.fr,OID0262
jean_directeur@OID0263.fr,OID0263
paul_secretaire@OID0263.fr,OID0263
lucie_analyste@OID0263.fr,OID0263
jean_directeur@OID0264.fr,OID0264
paul_secretaire@OID0264.fr,OID0264
lucie_analyste@OID0264.fr,OID0264
jean_directeur@OID0265.fr,OID0265
paul_secretaire@OID0265.fr,OID0265
lucie_analyste@OID0265.fr,OID0265
jean_directeur@OID0266.fr,OID0266
paul_secretaire@OID0266.fr,OID0266
lucie_analyste@OID0266.fr,OID0266
jean_directeur@OID0267.fr,OID0267
paul_secretaire@OID0267.fr,OID0267
lucie_analyste@OID0267.fr,OID0267
jean_directeur@OID0268.fr,OID0268
paul_secretaire@OID0268.fr,OID0268
lucie_analyste@OID0268.fr,OID0268
jean_directeur@OID0269.fr,OID0269
paul_secretaire@OID0269.fr,OID0269
lucie_analyste@OID0269.fr,OID0269
jean_directeur@OID0270.fr,OID0270
paul_secretaire@OID0270.fr,OID0270
lucie_analyste@OID0270.fr,OID0270
jean_directeur@OID0271.fr,OID0271
paul_secretaire@OID0271.fr,OID0271
lucie_analyste@OID0271.fr,OID0271
jean_directeur@OID0272.fr,OID0272
paul_secretaire@OID0272.fr,OID0272
lucie_analyste@OID0272.fr,OID0272
jean_directeur@OID0273.fr,OID0273
paul_secretaire@OID0273.fr,OID0273
lucie_analyste@OID0273.fr,OID0273
jean_directeur@OID0274.fr,OID0274
paul_secretaire@OID0274.fr,OID0274
lucie_analyste@OID0274.fr,OID0274
jean_directeur@OID0275.fr,OID0275
paul_secretaire@OID0275.fr,OID0275
lucie_analyste@OID0275.fr,OID0275
jean_directeur@OID0276.fr,OID0276
paul_secretaire@OID0276.fr,OID0276
lucie_analyste@OID0276.fr,OID0276
jean_directeur@OID0277.fr,OID0277
paul_secretaire@OID0277.fr,OID0277
lucie_analyste@OID0277.fr,OID0277
jean_directeur@OID0278.fr,OID0278
paul_secretaire@OID0278.fr,OID0278
lucie_analyste@OID0278.fr,OID0278
jean_directeur@OID0279.fr,OID0279
paul_secretaire@OID0279.fr,OID0279
lucie_analyste@OID0279.fr,OID0279
jean_directeur@OID0280.fr,OID0280
paul_secretaire@OID0280.fr,OID0280
lucie_analyste@OID0280.fr,OID0280
jean_directeur@OID0281.fr,OID0281
paul_secretaire@OID0281.fr,OID0281
lucie_analyste@OID0281.fr,OID0281
jean_directeur@OID0282.fr,OID0282
paul_secretaire@OID0282.fr,OID0282
lucie_analyste@OID0282.fr,OID0282
jean_directeur@OID0283.fr,OID0283
paul_secretaire@OID0283.fr,OID0283
lucie_analyste@OID0283.fr,OID0283
jean_directeur@OID0284.fr,OID0284
paul_secretaire@OID0284.fr,OID0284
lucie_analyste@OID0284.fr,OID0284
jean_directeur@OID0285.fr,OID0285
paul_secretaire@OID0285.fr,OID0285
lucie_analyste@OID0285.fr,OID0285
jean_directeur@OID0286.fr,OID0286
paul_secretaire@OID0286.fr,OID0286
lucie_analyste@OID0286.fr,OID0286
jean_directeur@OID0287.fr,OID0287
paul_secretaire@OID0287.fr,OID0287
lucie_analyste@OID0287.fr,OID0287
jean_directeur@OID0288.fr,OID0288
paul_secretaire@OID0288.fr,OID0288
lucie_analyste@OID0288.fr,OID0288
jean_directeur@OID0289.fr,OID0289
paul_secretaire@OID0289.fr,OID0289
lucie_analyste@OID0289.fr,OID0289
jean_directeur@OID0290.fr,OID0290
paul_secretaire@OID0290.fr,OID0290
lucie_analyste@OID0290.fr,OID0290
jean_directeur@OID0291.fr,OID0291
paul_secretaire@OID0291.fr,OID0291
lucie_analyste@OID0291.fr,OID0291
jean_directeur@OID0292.fr,OID0292
paul_secretaire@OID0292.fr,OID0292
lucie_analyste@OID0292.fr,OID0292
jean_directeur@OID0293.fr,OID0293
paul_secretaire@OID0293.fr,OID0293
lucie_analyste@OID0293.fr,OID0293
jean_directeur@OID0294.fr,OID0294
paul_secretaire@OID0294.fr,OID0294
lucie_analyste@OID0294.fr,OID0294
jean_directeur@OID0295.fr,OID0295
paul_secretaire@OID0295.fr,OID0295
lucie_analyste@OID0295.fr,OID0295
jean_directeur@OID0296.fr,OID0296
paul_secretaire@OID0296.fr,OID0296
lucie_analyste@OID0296.fr,OID0296
jean_directeur@OID0297.fr,OID0297
paul_secretaire@OID0297.fr,OID0297
lucie_analyste@OID0297.fr,OID0297
jean_directeur@OID0298.fr,OID0298
paul_secretaire@OID0298.fr,OID0298
lucie_analyste@OID0298.fr,OID0298
jean_directeur@OID0299.fr,OID0299
paul_secretaire@OID0299.fr,OID0299
lucie_analyste@OID0299.fr,OID0299
jean_directeur@OID0300.fr,OID0300
paul_secretaire@OID0300.fr,OID0300
lucie_analyste@OID0300.fr,OID0300
jean_directeur@OID0301.fr,OID0301
paul_secretaire@OID0301.fr,OID0301
lucie_analyste@OID0301.fr,OID0301
jean_directeur@OID0302.fr,OID0302
paul_secretaire@OID0302.fr,OID0302
lucie_analyste@OID0302.fr,OID0302
jean_directeur@OID0303.fr,OID0303
paul_secretaire@OID0303.fr,OID0303
lucie_analyste@OID0303.fr,OID0303
jean_directeur@OID0304.fr,OID0304
paul_secretaire@OID0304.fr,OID0304
lucie_analyste@OID0304.fr,OID0304
jean_directeur@OID0305.fr,OID0305
paul_secretaire@OID0305.fr,OID0305
lucie_analyste@OID0305.fr,OID0305
jean_directeur@OID0306.fr,OID0306
paul_secretaire@OID0306.fr,OID0306
lucie_analyste@OID0306.fr,OID0306
jean_directeur@OID0307.fr,OID0307
paul_secretaire@OID0307.fr,OID0307
lucie_analyste@OID0307.fr,OID0307
jean_directeur@OID0308.fr,OID0308
paul_secretaire@OID0308.fr,OID0308
lucie_analyste@OID0308.fr,OID0308
jean_directeur@OID0309.fr,OID0309
paul_secretaire@OID0309.fr,OID0309
lucie_analyste@OID0309.fr,OID0309
jean_directeur@OID0310.fr,OID0310
paul_secretaire@OID0310.fr,OID0310
lucie_analyste@OID0310.fr,OID0310
jean_directeur@OID0311.fr,OID0311
paul_secretaire@OID0311.fr,OID0311
lucie_analyste@OID0311.fr,OID0311
jean_directeur@OID0312.fr,OID0312
paul_secretaire@OID0312.fr,OID0312
lucie_analyste@OID0312.fr,OID0312
jean_directeur@OID0313.fr,OID0313
paul_secretaire@OID0313.fr,OID0313
lucie_analyste@OID0313.fr,OID0313
jean_directeur@OID0314.fr,OID0314
paul_secretaire@OID0314.fr,OID0314
lucie_analyste@OID0314.fr,OID0314
jean_directeur@OID0315.fr,OID0315
paul_secretaire@OID0315.fr,OID0315
lucie_analyste@OID0315.fr,OID0315
jean_directeur@OID0316.fr,OID0316
paul_secretaire@OID0316.fr,OID0316
lucie_analyste@OID0316.fr,OID0316
jean_directeur@OID0317.fr,OID0317
paul_secretaire@OID0317.fr,OID0317
lucie_analyste@OID0317.fr,OID0317
jean_directeur@OID0318.fr,OID0318
paul_secretaire@OID0318.fr,OID0318
lucie_analyste@OID0318.fr,OID0318
jean_directeur@OID0319.fr,OID0319
paul_secretaire@OID0319.fr,OID0319
lucie_analyste@OID0319.fr,OID0319
jean_directeur@OID0320.fr,OID0320
paul_secretaire@OID0320.fr,OID0320
lucie_analyste@OID0320.fr,OID0320
jean_directeur@OID0321.fr,OID0321
paul_secretaire@OID0321.fr,OID0321
lucie_analyste@OID0321.fr,OID0321
jean_directeur@OID0322.fr,OID0322
paul_secretaire@OID0322.fr,OID0322
lucie_analyste@OID0322.fr,OID0322
jean_directeur@OID0323.fr,OID0323
paul_secretaire@OID0323.fr,OID0323
lucie_analyste@OID0323.fr,OID0323
jean_directeur@OID0324.fr,OID0324
paul_secretaire@OID0324.fr,OID0324
lucie_analyste@OID0324.fr,OID0324
jean_directeur@OID0325.fr,OID0325
paul_secretaire@OID0325.fr,OID0325
lucie_analyste@OID0325.fr,OID0325
jean_directeur@OID0326.fr,OID0326
paul_secretaire@OID0326.fr,OID0326
lucie_analyste@OID0326.fr,OID0326
jean_directeur@OID0327.fr,OID0327
paul_secretaire@OID0327.fr,OID0327
lucie_analyste@OID0327.fr,OID0327
jean_directeur@OID0328.fr,OID0328
paul_secretaire@OID0328.fr,OID0328
lucie_analyste@OID0328.fr,OID0328
jean_directeur@OID0329.fr,OID0329
paul_secretaire@OID0329.fr,OID0329
lucie_analyste@OID0329.fr,OID0329
jean_directeur@OID0330.fr,OID0330
paul_secretaire@OID0330.fr,OID0330
lucie_analyste@OID0330.fr,OID0330
jean_directeur@OID0331.fr,OID0331
paul_secretaire@OID0331.fr,OID0331
lucie_analyste@OID0331.fr,OID0331
jean_directeur@OID0332.fr,OID0332
paul_secretaire@OID0332.fr,OID0332
lucie_analyste@OID0332.fr,OID0332
jean_directeur@OID0333.fr,OID0333
paul_secretaire@OID0333.fr,OID0333
lucie_analyste@OID0333.fr,OID0333
jean_directeur@OID0334.fr,OID0334
paul_secretaire@OID0334.fr,OID0334
lucie_analyste@OID0334.fr,OID0334
jean_directeur@OID0335.fr,OID0335
paul_secretaire@OID0335.fr,OID0335
lucie_analyste@OID0335.fr,OID0335
jean_directeur@OID0336.fr,OID0336
paul_secretaire@OID0336.fr,OID0336
lucie_analyste@OID0336.fr,OID0336
jean_directeur@OID0337.fr,OID0337
paul_secretaire@OID0337.fr,OID0337
lucie_analyste@OID0337.fr,OID0337
jean_directeur@OID0338.fr,OID0338
paul_secretaire@OID0338.fr,OID0338
lucie_analyste@OID0338.fr,OID0338
jean_directeur@OID0339.fr,OID0339
paul_secretaire@OID0339.fr,OID0339
lucie_analyste@OID0339.fr,OID0339
jean_directeur@OID0340.fr,OID0340
paul_secretaire@OID0340.fr,OID0340
lucie_analyste@OID0340.fr,OID0340
jean_directeur@OID0341.fr,OID0341
paul_secretaire@OID0341.fr,OID0341
lucie_analyste@OID0341.fr,OID0341
jean_directeur@OID0342.fr,OID0342
paul_secretaire@OID0342.fr,OID0342
lucie_analyste@OID0342.fr,OID0342
jean_directeur@OID0343.fr,OID0343
paul_secretaire@OID0343.fr,OID0343
lucie_analyste@OID0343.fr,OID0343
jean_directeur@OID0344.fr,OID0344
paul_secretaire@OID0344.fr,OID0344
lucie_analyste@OID0344.fr,OID0344
jean_directeur@OID0345.fr,OID0345
paul_secretaire@OID0345.fr,OID0345
lucie_analyste@OID0345.fr,OID0345
jean_directeur@OID0346.fr,OID0346
paul_secretaire@OID0346.fr,OID0346
lucie_analyste@OID0346.fr,OID0346
jean_directeur@OID0347.fr,OID0347
paul_secretaire@OID0347.fr,OID0347
lucie_analyste@OID0347.fr,OID0347
jean_directeur@OID0348.fr,OID0348
paul_secretaire@OID0348.fr,OID0348
lucie_analyste@OID0348.fr,OID0348
jean_directeur@OID0349.fr,OID0349
paul_secretaire@OID0349.fr,OID0349
lucie_analyste@OID0349.fr,OID0349
jean_directeur@OID0350.fr,OID0350
paul_secretaire@OID0350.fr,OID0350
lucie_analyste@OID0350.fr,OID0350
jean_directeur@OID0351.fr,OID0351
paul_secretaire@OID0351.fr,OID0351
lucie_analyste@OID0351.fr,OID0351
jean_directeur@OID0352.fr,OID0352
paul_secretaire@OID0352.fr,OID0352
lucie_analyste@OID0352.fr,OID0352
jean_directeur@OID0353.fr,OID0353
paul_secretaire@OID0353.fr,OID0353
lucie_analyste@OID0353.fr,OID0353
jean_directeur@OID0354.fr,OID0354
paul_secretaire@OID0354.fr,OID0354
lucie_analyste@OID0354.fr,OID0354
jean_directeur@OID0355.fr,OID0355
paul_secretaire@OID0355.fr,OID0355
lucie_analyste@OID0355.fr,OID0355
jean_directeur@OID0356.fr,OID0356
paul_secretaire@OID0356.fr,OID0356
lucie_analyste@OID0356.fr,OID0356
jean_directeur@OID0357.fr,OID0357
paul_secretaire@OID0357.fr,OID0357
lucie_analyste@OID0357.fr,OID0357
jean_directeur@OID0358.fr,OID0358
paul_secretaire@OID0358.fr,OID0358
lucie_analyste@OID0358.fr,OID0358
jean_directeur@OID0359.fr,OID0359
paul_secretaire@OID0359.fr,OID0359
lucie_analyste@OID0359.fr,OID0359
jean_directeur@OID0360.fr,OID0360
paul_secretaire@OID0360.fr,OID0360
lucie_analyste@OID0360.fr,OID0360
jean_directeur@OID0361.fr,OID0361
paul_secretaire@OID0361.fr,OID0361
lucie_analyste@OID0361.fr,OID0361
jean_directeur@OID0362.fr,OID0362
paul_secretaire@OID0362.fr,OID0362
lucie_analyste@OID0362.fr,OID0362
jean_directeur@OID0363.fr,OID0363
paul_secretaire@OID0363.fr,OID0363
lucie_analyste@OID0363.fr,OID0363
jean_directeur@OID0364.fr,OID0364
paul_secretaire@OID0364.fr,OID0364
lucie_analyste@OID0364.fr,OID0364
jean_directeur@OID0365.fr,OID0365
paul_secretaire@OID0365.fr,OID0365
lucie_analyste@OID0365.fr,OID0365
jean_directeur@OID0366.fr,OID0366
paul_secretaire@OID0366.fr,OID0366
lucie_analyste@OID0366.fr,OID0366
jean_directeur@OID0367.fr,OID0367
paul_secretaire@OID0367.fr,OID0367
lucie_analyste@OID0367.fr,OID0367
jean_directeur@OID0368.fr,OID0368
paul_secretaire@OID0368.fr,OID0368
lucie_analyste@OID0368.fr,OID0368
jean_directeur@OID0369.fr,OID0369
paul_secretaire@OID0369.fr,OID0369
lucie_analyste@OID0369.fr,OID0369
jean_directeur@OID0370.fr,OID0370
paul_secretaire@OID0370.fr,OID0370
lucie_analyste@OID0370.fr,OID0370
jean_directeur@OID0371.fr,OID0371
paul_secretaire@OID0371.fr,OID0371
lucie_analyste@OID0371.fr,OID0371
jean_directeur@OID0372.fr,OID0372
paul_secretaire@OID0372.fr,OID0372
lucie_analyste@OID0372.fr,OID0372
jean_directeur@OID0373.fr,OID0373
paul_secretaire@OID0373.fr,OID0373
lucie_analyste@OID0373.fr,OID0373
jean_directeur@OID0374.fr,OID0374
paul_secretaire@OID0374.fr,OID0374
lucie_analyste@OID0374.fr,OID0374
jean_directeur@OID0375.fr,OID0375
paul_secretaire@OID0375.fr,OID0375
lucie_analyste@OID0375.fr,OID0375
jean_directeur@OID0376.fr,OID0376
paul_secretaire@OID0376.fr,OID0376
lucie_analyste@OID0376.fr,OID0376
jean_directeur@OID0377.fr,OID0377
paul_secretaire@OID0377.fr,OID0377
lucie_analyste@OID0377.fr,OID0377
jean_directeur@OID0378.fr,OID0378
paul_secretaire@OID0378.fr,OID0378
lucie_analyste@OID0378.fr,OID0378
jean_directeur@OID0379.fr,OID0379
paul_secretaire@OID0379.fr,OID0379
lucie_analyste@OID0379.fr,OID0379
jean_directeur@OID0380.fr,OID0380
paul_secretaire@OID0380.fr,OID0380
lucie_analyste@OID0380.fr,OID0380
jean_directeur@OID0381.fr,OID0381
paul_secretaire@OID0381.fr,OID0381
lucie_analyste@OID0381.fr,OID0381
jean_directeur@OID0382.fr,OID0382
paul_secretaire@OID0382.fr,OID0382
lucie_analyste@OID0382.fr,OID0382
jean_directeur@OID0383.fr,OID0383
paul_secretaire@OID0383.fr,OID0383
lucie_analyste@OID0383.fr,OID0383
jean_directeur@OID0384.fr,OID0384
paul_secretaire@OID0384.fr,OID0384
lucie_analyste@OID0384.fr,OID0384
jean_directeur@OID0385.fr,OID0385
paul_secretaire@OID0385.fr,OID0385
lucie_analyste@OID0385.fr,OID0385
jean_directeur@OID0386.fr,OID0386
paul_secretaire@OID0386.fr,OID0386
lucie_analyste@OID0386.fr,OID0386
jean_directeur@OID0387.fr,OID0387
paul_secretaire@OID0387.fr,OID0387
lucie_analyste@OID0387.fr,OID0387
jean_directeur@OID0388.fr,OID0388
paul_secretaire@OID0388.fr,OID0388
lucie_analyste@OID0388.fr,OID0388
jean_directeur@OID0389.fr,OID0389
paul_secretaire@OID0389.fr,OID0389
lucie_analyste@OID0389.fr,OID0389
jean_directeur@OID0390.fr,OID0390
paul_secretaire@OID0390.fr,OID0390
lucie_analyste@OID0390.fr,OID0390
jean_directeur@OID0391.fr,OID0391
paul_secretaire@OID0391.fr,OID0391
lucie_analyste@OID0391.fr,OID0391
jean_directeur@OID0392.fr,OID0392
paul_secretaire@OID0392.fr,OID0392
lucie_analyste@OID0392.fr,OID0392
jean_directeur@OID0393.fr,OID0393
paul_secretaire@OID0393.fr,OID0393
lucie_analyste@OID0393.fr,OID0393
jean_directeur@OID0394.fr,OID0394
paul_secretaire@OID0394.fr,OID0394
lucie_analyste@OID0394.fr,OID0394
jean_directeur@OID0395.fr,OID0395
paul_secretaire@OID0395.fr,OID0395
lucie_analyste@OID0395.fr,OID0395
jean_directeur@OID0396.fr,OID0396
paul_secretaire@OID0396.fr,OID0396
lucie_analyste@OID0396.fr,OID0396
jean_directeur@OID0397.fr,OID0397
paul_secretaire@OID0397.fr,OID0397
lucie_analyste@OID0397.fr,OID0397
jean_directeur@OID0398.fr,OID0398
paul_secretaire@OID0398.fr,OID0398
lucie_analyste@OID0398.fr,OID0398
jean_directeur@OID0399.fr,OID0399
paul_secretaire@OID0399.fr,OID0399
lucie_analyste@OID0399.fr,OID0399
jean_directeur@OID0400.fr,OID0400
paul_secretaire@OID0400.fr,OID0400
lucie_analyste@OID0400.fr,OID0400
jean_directeur@OID0401.fr,OID0401
paul_secretaire@OID0401.fr,OID0401
lucie_analyste@OID0401.fr,OID0401
jean_directeur@OID0402.fr,OID0402
paul_secretaire@OID0402.fr,OID0402
lucie_analyste@OID0402.fr,OID0402
jean_directeur@OID0403.fr,OID0403
paul_secretaire@OID0403.fr,OID0403
lucie_analyste@OID0403.fr,OID0403
jean_directeur@OID0404.fr,OID0404
paul_secretaire@OID0404.fr,OID0404
lucie_analyste@OID0404.fr,OID0404
jean_directeur@OID0405.fr,OID0405
paul_secretaire@OID0405.fr,OID0405
lucie_analyste@OID0405.fr,OID0405
jean_directeur@OID0406.fr,OID0406
paul_secretaire@OID0406.fr,OID0406
lucie_analyste@OID0406.fr,OID0406
jean_directeur@OID0407.fr,OID0407
paul_secretaire@OID0407.fr,OID0407
lucie_analyste@OID0407.fr,OID0407
jean_directeur@OID0408.fr,OID0408
paul_secretaire@OID0408.fr,OID0408
lucie_analyste@OID0408.fr,OID0408
jean_directeur@OID0409.fr,OID0409
paul_secretaire@OID0409.fr,OID0409
lucie_analyste@OID0409.fr,OID0409
jean_directeur@OID0410.fr,OID0410
paul_secretaire@OID0410.fr,OID0410
lucie_analyste@OID0410.fr,OID0410
jean_directeur@OID0411.fr,OID0411
paul_secretaire@OID0411.fr,OID0411
lucie_analyste@OID0411.fr,OID0411
jean_directeur@OID0412.fr,OID0412
paul_secretaire@OID0412.fr,OID0412
lucie_analyste@OID0412.fr,OID0412
jean_directeur@OID0413.fr,OID0413
paul_secretaire@OID0413.fr,OID0413
lucie_analyste@OID0413.fr,OID0413
jean_directeur@OID0414.fr,OID0414
paul_secretaire@OID0414.fr,OID0414
lucie_analyste@OID0414.fr,OID0414
jean_directeur@OID0415.fr,OID0415
paul_secretaire@OID0415.fr,OID0415
lucie_analyste@OID0415.fr,OID0415
jean_directeur@OID0416.fr,OID0416
paul_secretaire@OID0416.fr,OID0416
lucie_analyste@OID0416.fr,OID0416
jean_directeur@OID0417.fr,OID0417
paul_secretaire@OID0417.fr,OID0417
lucie_analyste@OID0417.fr,OID0417
jean_directeur@OID0418.fr,OID0418
paul_secretaire@OID0418.fr,OID0418
lucie_analyste@OID0418.fr,OID0418
jean_directeur@OID0419.fr,OID0419
paul_secretaire@OID0419.fr,OID0419
lucie_analyste@OID0419.fr,OID0419
jean_directeur@OID0420.fr,OID0420
paul_secretaire@OID0420.fr,OID0420
lucie_analyste@OID0420.fr,OID0420
jean_directeur@OID0421.fr,OID0421
paul_secretaire@OID0421.fr,OID0421
lucie_analyste@OID0421.fr,OID0421
jean_directeur@OID0422.fr,OID0422
paul_secretaire@OID0422.fr,OID0422
lucie_analyste@OID0422.fr,OID0422
jean_directeur@OID0423.fr,OID0423
paul_secretaire@OID0423.fr,OID0423
lucie_analyste@OID0423.fr,OID0423
jean_directeur@OID0424.fr,OID0424
paul_secretaire@OID0424.fr,OID0424
lucie_analyste@OID0424.fr,OID0424
jean_directeur@OID0425.fr,OID0425
paul_secretaire@OID0425.fr,OID0425
lucie_analyste@OID0425.fr,OID0425
jean_directeur@OID0426.fr,OID0426
paul_secretaire@OID0426.fr,OID0426
lucie_analyste@OID0426.fr,OID0426
jean_directeur@OID0427.fr,OID0427
paul_secretaire@OID0427.fr,OID0427
lucie_analyste@OID0427.fr,OID0427
jean_directeur@OID0428.fr,OID0428
paul_secretaire@OID0428.fr,OID0428
lucie_analyste@OID0428.fr,OID0428
jean_directeur@OID0429.fr,OID0429
paul_secretaire@OID0429.fr,OID0429
lucie_analyste@OID0429.fr,OID0429
jean_directeur@OID0430.fr,OID0430
paul_secretaire@OID0430.fr,OID0430
lucie_analyste@OID0430.fr,OID0430
jean_directeur@OID0431.fr,OID0431
paul_secretaire@OID0431.fr,OID0431
lucie_analyste@OID0431.fr,OID0431
jean_directeur@OID0432.fr,OID0432
paul_secretaire@OID0432.fr,OID0432
lucie_analyste@OID0432.fr,OID0432
jean_directeur@OID0433.fr,OID0433
paul_secretaire@OID0433.fr,OID0433
lucie_analyste@OID0433.fr,OID0433
jean_directeur@OID0434.fr,OID0434
paul_secretaire@OID0434.fr,OID0434
lucie_analyste@OID0434.fr,OID0434
jean_directeur@OID0435.fr,OID0435
paul_secretaire@OID0435.fr,OID0435
lucie_analyste@OID0435.fr,OID0435
jean_directeur@OID0436.fr,OID0436
paul_secretaire@OID0436.fr,OID0436
lucie_analyste@OID0436.fr,OID0436
jean_directeur@OID0437.fr,OID0437
paul_secretaire@OID0437.fr,OID0437
lucie_analyste@OID0437.fr,OID0437
jean_directeur@OID0438.fr,OID0438
paul_secretaire@OID0438.fr,OID0438
lucie_analyste@OID0438.fr,OID0438
jean_directeur@OID0439.fr,OID0439
paul_secretaire@OID0439.fr,OID0439
lucie_analyste@OID0439.fr,OID0439
jean_directeur@OID0440.fr,OID0440
paul_secretaire@OID0440.fr,OID0440
lucie_analyste@OID0440.fr,OID0440
jean_directeur@OID0441.fr,OID0441
paul_secretaire@OID0441.fr,OID0441
lucie_analyste@OID0441.fr,OID0441
jean_directeur@OID0442.fr,OID0442
paul_secretaire@OID0442.fr,OID0442
lucie_analyste@OID0442.fr,OID0442
jean_directeur@OID0443.fr,OID0443
paul_secretaire@OID0443.fr,OID0443
lucie_analyste@OID0443.fr,OID0443
jean_directeur@OID0444.fr,OID0444
paul_secretaire@OID0444.fr,OID0444
lucie_analyste@OID0444.fr,OID0444
jean_directeur@OID0445.fr,OID0445
paul_secretaire@OID0445.fr,OID0445
lucie_analyste@OID0445.fr,OID0445
jean_directeur@OID0446.fr,OID0446
paul_secretaire@OID0446.fr,OID0446
lucie_analyste@OID0446.fr,OID0446
jean_directeur@OID0447.fr,OID0447
paul_secretaire@OID0447.fr,OID0447
lucie_analyste@OID0447.fr,OID0447
jean_directeur@OID0448.fr,OID0448
paul_secretaire@OID0448.fr,OID0448
lucie_analyste@OID0448.fr,OID0448
jean_directeur@OID0449.fr,OID0449
paul_secretaire@OID0449.fr,OID0449
lucie_analyste@OID0449.fr,OID0449
jean_directeur@OID0450.fr,OID0450
paul_secretaire@OID0450.fr,OID0450
lucie_analyste@OID0450.fr,OID0450
jean_directeur@OID0451.fr,OID0451
paul_secretaire@OID0451.fr,OID0451
lucie_analyste@OID0451.fr,OID0451
jean_directeur@OID0452.fr,OID0452
paul_secretaire@OID0452.fr,OID0452
lucie_analyste@OID0452.fr,OID0452
jean_directeur@OID0453.fr,OID0453
paul_secretaire@OID0453.fr,OID0453
lucie_analyste@OID0453.fr,OID0453
jean_directeur@OID0454.fr,OID0454
paul_secretaire@OID0454.fr,OID0454
lucie_analyste@OID0454.fr,OID0454
jean_directeur@OID0455.fr,OID0455
paul_secretaire@OID0455.fr,OID0455
lucie_analyste@OID0455.fr,OID0455
jean_directeur@OID0456.fr,OID0456
paul_secretaire@OID0456.fr,OID0456
lucie_analyste@OID0456.fr,OID0456
jean_directeur@OID0457.fr,OID0457
paul_secretaire@OID0457.fr,OID0457
lucie_analyste@OID0457.fr,OID0457
jean_directeur@OID0458.fr,OID0458
paul_secretaire@OID0458.fr,OID0458
lucie_analyste@OID0458.fr,OID0458
jean_directeur@OID0459.fr,OID0459
paul_secretaire@OID0459.fr,OID0459
lucie_analyste@OID0459.fr,OID0459
jean_directeur@OID0460.fr,OID0460
paul_secretaire@OID0460.fr,OID0460
lucie_analyste@OID0460.fr,OID0460
jean_directeur@OID0461.fr,OID0461
paul_secretaire@OID0461.fr,OID0461
lucie_analyste@OID0461.fr,OID0461
jean_directeur@OID0462.fr,OID0462
paul_secretaire@OID0462.fr,OID0462
lucie_analyste@OID0462.fr,OID0462
jean_directeur@OID0463.fr,OID0463
paul_secretaire@OID0463.fr,OID0463
lucie_analyste@OID0463.fr,OID0463
jean_directeur@OID0464.fr,OID0464
paul_secretaire@OID0464.fr,OID0464
lucie_analyste@OID0464.fr,OID0464
jean_directeur@OID0465.fr,OID0465
paul_secretaire@OID0465.fr,OID0465
lucie_analyste@OID0465.fr,OID0465
jean_directeur@OID0466.fr,OID0466
paul_secretaire@OID0466.fr,OID0466
lucie_analyste@OID0466.fr,OID0466
jean_directeur@OID0467.fr,OID0467
paul_secretaire@OID0467.fr,OID0467
lucie_analyste@OID0467.fr,OID0467
jean_directeur@OID0468.fr,OID0468
paul_secretaire@OID0468.fr,OID0468
lucie_analyste@OID0468.fr,OID0468
jean_directeur@OID0469.fr,OID0469
paul_secretaire@OID0469.fr,OID0469
lucie_analyste@OID0469.fr,OID0469
jean_directeur@OID0470.fr,OID0470
paul_secretaire@OID0470.fr,OID0470
lucie_analyste@OID0470.fr,OID0470
jean_directeur@OID0471.fr,OID0471
paul_secretaire@OID0471.fr,OID0471
lucie_analyste@OID0471.fr,OID0471
jean_directeur@OID0472.fr,OID0472
paul_secretaire@OID0472.fr,OID0472
lucie_analyste@OID0472.fr,OID0472
jean_directeur@OID0473.fr,OID0473
paul_secretaire@OID0473.fr,OID0473
lucie_analyste@OID0473.fr,OID0473
jean_directeur@OID0474.fr,OID0474
paul_secretaire@OID0474.fr,OID0474
lucie_analyste@OID0474.fr,OID0474
jean_directeur@OID0475.fr,OID0475
paul_secretaire@OID0475.fr,OID0475
lucie_analyste@OID0475.fr,OID0475
jean_directeur@OID0476.fr,OID0476
paul_secretaire@OID0476.fr,OID0476
lucie_analyste@OID0476.fr,OID0476
jean_directeur@OID0477.fr,OID0477
paul_secretaire@OID0477.fr,OID0477
lucie_analyste@OID0477.fr,OID0477
jean_directeur@OID0478.fr,OID0478
paul_secretaire@OID0478.fr,OID0478
lucie_analyste@OID0478.fr,OID0478
jean_directeur@OID0479.fr,OID0479
paul_secretaire@OID0479.fr,OID0479
lucie_analyste@OID0479.fr,OID0479
jean_directeur@OID0480.fr,OID0480
paul_secretaire@OID0480.fr,OID0480
lucie_analyste@OID0480.fr,OID0480
jean_directeur@OID0481.fr,OID0481
paul_secretaire@OID0481.fr,OID0481
lucie_analyste@OID0481.fr,OID0481
jean_directeur@OID0482.fr,OID0482
paul_secretaire@OID0482.fr,OID0482
lucie_analyste@OID0482.fr,OID0482
jean_directeur@OID0483.fr,OID0483
paul_secretaire@OID0483.fr,OID0483
lucie_analyste@OID0483.fr,OID0483
jean_directeur@OID0484.fr,OID0484
paul_secretaire@OID0484.fr,OID0484
lucie_analyste@OID0484.fr,OID0484
jean_directeur@OID0485.fr,OID0485
paul_secretaire@OID0485.fr,OID0485
lucie_analyste@OID0485.fr,OID0485
jean_directeur@OID0486.fr,OID0486
paul_secretaire@OID0486.fr,OID0486
lucie_analyste@OID0486.fr,OID0486
jean_directeur@OID0487.fr,OID0487
paul_secretaire@OID0487.fr,OID0487
lucie_analyste@OID0487.fr,OID0487
jean_directeur@OID0488.fr,OID0488
paul_secretaire@OID0488.fr,OID0488
lucie_analyste@OID0488.fr,OID0488
jean_directeur@OID0489.fr,OID0489
paul_secretaire@OID0489.fr,OID0489
lucie_analyste@OID0489.fr,OID0489
jean_directeur@OID0490.fr,OID0490
paul_secretaire@OID0490.fr,OID0490
lucie_analyste@OID0490.fr,OID0490
jean_directeur@OID0491.fr,OID0491
paul_secretaire@OID0491.fr,OID0491
lucie_analyste@OID0491.fr,OID0491
jean_directeur@OID0492.fr,OID0492
paul_secretaire@OID0492.fr,OID0492
lucie_analyste@OID0492.fr,OID0492
jean_directeur@OID0493.fr,OID0493
paul_secretaire@OID0493.fr,OID0493
lucie_analyste@OID0493.fr,OID0493
jean_directeur@OID0494.fr,OID0494
paul_secretaire@OID0494.fr,OID0494
lucie_analyste@OID0494.fr,OID0494
jean_directeur@OID0495.fr,OID0495
paul_secretaire@OID0495.fr,OID0495
lucie_analyste@OID0495.fr,OID0495
jean_directeur@OID0496.fr,OID0496
paul_secretaire@OID0496.fr,OID0496
lucie_analyste@OID0496.fr,OID0496
jean_directeur@OID0497.fr,OID0497
paul_secretaire@OID0497.fr,OID0497
lucie_analyste@OID0497.fr,OID0497
jean_directeur@OID0498.fr,OID0498
paul_secretaire@OID0498.fr,OID0498
lucie_analyste@OID0498.fr,OID0498
jean_directeur@OID0499.fr,OID0499
paul_secretaire@OID0499.fr,OID0499
lucie_analyste@OID0499.fr,OID0499
jean_directeur@OID0500.fr,OID0500
paul_secretaire@OID0500.fr,OID0500
lucie_analyste@OID0500.fr,OID0500
